Gene_set	Term	Overlap	P-value	Adjusted P-value	Odds Ratio	Combined Score	Genes
gs_ind_0	castration-resistant_prostate_carcinoma	1/11	0.2235044728335017	0.3070466188913527	6.152010460934946	9.217704014146314	CHEK1
gs_ind_0	colorectal_cancer	2/40	0.23028496416851452	0.3070466188913527	2.8008658008658007	4.1128971091510005	GSTP1;DCC
gs_ind_0	female_reproductive_organ_cancer	1/1	0.022722556547001452	0.18178045237601162	129.32951945080092	489.4342670687161	PAX8
gs_ind_0	lung_adenocarcinoma	2/19	0.06822742809157699	0.1819398082442053	6.175697865353038	16.581184455133272	ACTA1;ROS1
gs_ind_0	lung_non-small_cell_carcinoma	1/42	0.6199453506466072	0.6199453506466072	1.5514047034821208	0.7417637432427298	ROS1
gs_ind_0	lung_small_cell_carcinoma	1/6	0.1288528341429907	0.2577056682859814	11.75098814229249	24.07876585767457	CHEK1
gs_ind_0	ovarian_cancer	1/14	0.27530574537993596	0.3146351375770697	4.783371472158658	6.169941699080427	ABCG2
gs_ind_0	ovarian_carcinoma	1/3	0.06663721408743141	0.1819398082442053	25.8604118993135	70.04272100640523	GSTP1
