Gene_set	Term	Overlap	P-value	Adjusted P-value	Odds Ratio	Combined Score	Genes
gs_ind_0	_h3_k27m-mutant	1/1	0.007677941481635194	0.015355882963270388	390.38775510204084	1900.9556197273787	H3C2
gs_ind_0	brain_glioblastoma_multiforme	1/2	0.015297722775643603	0.020396963700858136	130.1156462585034	543.8900762742627	H3C2
gs_ind_0	cancer	1/39	0.26006404457307075	0.26006404457307075	5.049827723297111	6.801246105768489	SLCO1B1
gs_ind_0	diffuse_midline_glioma	1/1	0.007677941481635194	0.015355882963270388	390.38775510204084	1900.9556197273787	H3C2
