Gene_set	Term	Overlap	P-value	Adjusted P-value	Odds Ratio	Combined Score	Genes
gs_ind_0	colorectal_cancer	1/42	0.2891017565729672	0.2891017565729672	4.444462782637399	5.5154741082611265	DKK1
gs_ind_0	estrogen-receptor_positive_breast_cancer	1/6	0.04751584702620181	0.09503169405240362	33.62515566625156	102.44549283358697	MMP1
