Gene_set	Term	Overlap	P-value	Adjusted P-value	Odds Ratio	Combined Score	Genes
gs_ind_0	breast_cancer	1/42	0.8056443695126033	0.833763099466108	0.9082760300103204	0.19629013300199127	PGR
gs_ind_0	cancer	1/42	0.8056443695126033	0.833763099466108	0.9082760300103204	0.19629013300199127	PRKAA2
gs_ind_0	lung_adenocarcinoma	1/21	0.5588576779747836	0.833763099466108	1.8416629498345032	1.0715908131471632	ROS1
gs_ind_0	lung_non-small_cell_carcinoma	1/46	0.833763099466108	0.833763099466108	0.8281737511766386	0.15056693246941236	ROS1
gs_ind_0	mantle_cell_lymphoma	1/3	0.1102668524757382	0.4410674099029528	15.12242540904716	33.34270868932988	ZEB1
gs_ind_0	melanoma	1/24	0.6075732917144047	0.833763099466108	1.6061884381463354	0.800335536217066	SOX10
gs_ind_0	meningioma	1/1	0.03819316929856775	0.305545354388542	75.62367661212704	246.91876014400407	LEPR
gs_ind_0	ovarian_cancer	1/18	0.5041075946888617	0.833763099466108	2.157871579815757	1.4780676981786969	ABCG2
