{"gender": {"MALE": {"times": [887, 62, 298, 2254, 3414, 35, 6, 3227, 6425, 385, 313, 415, 5616, 32, 377, 1266, 1162, 844, 433, 402], "status": [true, true, true, true, true, true, true, true, false, true, false, true, true, true, true, true, true, true, true, true], "nsamples": 20, "mean_prob": 0.49642857142857144, "x": [6, 32, 35, 62, 298, 313, 377, 385, 402, 415, 433, 844, 887, 1162, 1266, 2254, 3227, 3414, 5616, 6425], "y": [0.95, 0.9, 0.85, 0.7999999999999999, 0.7499999999999999, 0.7499999999999999, 0.6964285714285714, 0.6428571428571429, 0.5892857142857143, 0.5357142857142857, 0.48214285714285715, 0.42857142857142855, 0.375, 0.32142857142857145, 0.2678571428571429, 0.21428571428571433, 0.16071428571428575, 0.10714285714285718, 0.05357142857142859, 0.05357142857142859], "cil": [0.6947431932565701, 0.6560307072615668, 0.6037896992202991, 0.5511455642807276, 0.4999439079657519, 0.4999439079657519, 0.4446782093972502, 0.39251119902488807, 0.3430436905001932, 0.29606361509299106, 0.25147378628486167, 0.20926321846001575, 0.16949946931286264, 0.1323359030559571, 0.0980356314096817, 0.06702222945799208, 0.03998440681806684, 0.018108825889199997, 0.003652478418559907, 0.003652478418559907], "ciu": [0.9928022285933972, 0.974010174395775, 0.9489961097937942, 0.9198179135884562, 0.8874709189158878, 0.8874709189158878, 0.8508542175065134, 0.8116022540062457, 0.7699693306874761, 0.7261068579192261, 0.6800901437307629, 0.6319301435641642, 0.5815749910692847, 0.5289020204568937, 0.47369760178573983, 0.415617434024107, 0.35411269554253105, 0.28831468755021994, 0.21735092875161013, 0.21735092875161013]}, "FEMALE": {"times": [1245, 911, 1408, 626, 259, 580, 751, 1252, 6, 595, 139, 1, 11, 126, 812, 25, 608, 2616, 380, 22, 391, 3872, 576, 17, 2717], "status": [true, true, true, true, true, true, true, false, true, false, true, true, true, true, true, true, true, true, true, true, false, true, true, true, true], "nsamples": 25, "mean_prob": 0.506961038961039, "x": [1, 6, 11, 17, 22, 25, 126, 139, 259, 380, 391, 576, 580, 595, 608, 626, 751, 812, 911, 1245, 1252, 1408, 2616, 2717, 3872], "y": [0.96, 0.92, 0.8800000000000001, 0.8400000000000002, 0.8000000000000002, 0.7600000000000001, 0.7200000000000002, 0.6800000000000002, 0.6400000000000001, 0.6000000000000001, 0.6000000000000001, 0.5571428571428573, 0.5142857142857145, 0.5142857142857145, 0.4675324675324677, 0.4207792207792209, 0.37402597402597415, 0.3272727272727274, 0.2805194805194806, 0.23376623376623384, 0.23376623376623384, 0.17532467532467538, 0.11688311688311694, 0.05844155844155847, 0.0], "cil": [0.7483850241947579, 0.7163903372580634, 0.6725614528633592, 0.628056081556178, 0.5844490882029532, 0.5420481224667528, 0.5008872014320702, 0.460934451282713, 0.42214773839248976, 0.3844913926753495, 0.3844913926753495, 0.3441127451474043, 0.3053422428786873, 0.3053422428786873, 0.26322336484517317, 0.2234104740070746, 0.1858337910583707, 0.15050960292975224, 0.11754105420879242, 0.08713549621497475, 0.08713549621497475, 0.05024474322946346, 0.02197744470833712, 0.004249276120791792, 0.0], "ciu": [0.9942669507488378, 0.9793705854280496, 0.9596398323320325, 0.9367332402513401, 0.9114580595645831, 0.8842776378415352, 0.8554842973879198, 0.8252731346830815, 0.7937783137129228, 0.7610926524755613, 0.7610926524755613, 0.7256211407870145, 0.6888420949093794, 0.6888420949093794, 0.6485178376753159, 0.6065417999786012, 0.5628835696662017, 0.5174679479209757, 0.4701653126204262, 0.42077251624946604, 0.42077251624946604, 0.3629151106062876, 0.2991089742871498, 0.22839905196826524, 0.0]}}, "ethnicity": {"HISPANIC_OR_LATINO": {"times": [887, 1245, 3414, 2616, 415, 380, 32, 391, 844, 576, 17, 2717], "status": [true, true, true, true, true, true, true, false, true, true, true, true], "nsamples": 12, "mean_prob": 0.4895833333333333, "x": [17, 32, 380, 391, 415, 576, 844, 887, 1245, 2616, 2717, 3414], "y": [0.9166666666666666, 0.8333333333333333, 0.75, 0.75, 0.65625, 0.5625, 0.46875, 0.375, 0.28125, 0.18750000000000003, 0.09375000000000001, 0.0], "cil": [0.5389771805707412, 0.4817149421953787, 0.4084159131515948, 0.4084159131515948, 0.3204116375996001, 0.24368098260518675, 0.17615538809892278, 0.11742886853360923, 0.06804877742033777, 0.029618825292970944, 0.005524250783683243, 0.0], "ciu": [0.987825565400458, 0.9555093657280649, 0.9117204061256983, 0.9117204061256983, 0.8556572346519385, 0.7909917589103996, 0.7184769960334049, 0.6381758685722497, 0.5495058315241134, 0.4510275505196239, 0.3403293904342905, 0.0]}, "NOT_HISPANIC_OR_LATINO": {"times": [911, 1408, 626, 259, 580, 751, 62, 1252, 6, 298, 595, 139, 2254, 1, 11, 126, 812, 25, 608, 35, 6, 3227, 6425, 385, 313, 5616, 22, 377, 1266, 1162, 433, 3872, 402], "status": [true, true, true, true, true, true, true, false, true, true, false, true, true, true, true, true, true, true, true, true, true, true, false, true, false, true, true, true, true, true, true, true, true], "nsamples": 33, "mean_prob": 0.49352340367965386, "x": [1, 6, 11, 22, 25, 35, 62, 126, 139, 259, 298, 313, 377, 385, 402, 433, 580, 595, 608, 626, 751, 812, 911, 1162, 1252, 1266, 1408, 2254, 3227, 3872, 5616, 6425], "y": [0.9696969696969697, 0.9090909090909092, 0.8787878787878789, 0.8484848484848486, 0.8181818181818183, 0.7878787878787881, 0.7575757575757578, 0.7272727272727274, 0.6969696969696971, 0.6666666666666669, 0.6363636363636366, 0.6363636363636366, 0.6045454545454547, 0.572727272727273, 0.5409090909090911, 0.5090909090909093, 0.4772727272727274, 0.4772727272727274, 0.44318181818181834, 0.4090909090909093, 0.37500000000000017, 0.34090909090909105, 0.30681818181818193, 0.2727272727272728, 0.2727272727272728, 0.23376623376623387, 0.1948051948051949, 0.15584415584415592, 0.11688311688311695, 0.07792207792207798, 0.03896103896103899, 0.03896103896103899], "cil": [0.8037499266178247, 0.7440534326407114, 0.7085691428888653, 0.6735907183576065, 0.6393718374621722, 0.605941880524086, 0.5732730593304768, 0.5413254332648536, 0.5100604230522056, 0.4794448059432135, 0.449451605486169, 0.449451605486169, 0.41797504024940735, 0.3872730164579748, 0.35731142074736855, 0.328068656926107, 0.2995336470036475, 0.2995336470036475, 0.2689579022801193, 0.2393774274219227, 0.21079204577069144, 0.18322055617461638, 0.15670213017573845, 0.13129978669803144, 0.13129978669803144, 0.10233881852424276, 0.07575452494051138, 0.051814389083983024, 0.03099121169264437, 0.01413616051955677, 0.0029179377986003627, 0.0029179377986003627], "ciu": [0.9956751112043409, 0.9697408485197581, 0.952693146660229, 0.933961478276023, 0.913901536526049, 0.8927405766381837, 0.870633625818022, 0.847691246678839, 0.8239946963992503, 0.7996048282089161, 0.7745676063931198, 0.7745676063931198, 0.7479956186827744, 0.7207541726066099, 0.6928647944934109, 0.6643410624586589, 0.6351893622868153, 0.6351893622868153, 0.603935968505775, 0.5719003918332178, 0.5390656487866207, 0.5054028144218691, 0.47086887402694183, 0.4354032078906765, 0.4354032078906765, 0.39584259430295216, 0.35452096225235785, 0.3111856018739268, 0.265444292994872, 0.21670660417901033, 0.16459529035553172, 0.16459529035553172]}}, "race": {"WHITE": {"times": [887, 1245, 1408, 751, 595, 139, 2254, 1, 3414, 812, 2616, 35, 3227, 6425, 415, 5616, 380, 32, 391, 1266, 1162, 844, 3872, 576, 17, 2717], "status": [true, true, true, true, false, true, true, true, true, true, true, true, true, false, true, true, true, true, false, true, true, true, true, true, true, true], "nsamples": 26, "mean_prob": 0.5104523512924323, "x": [1, 17, 32, 35, 139, 380, 391, 415, 576, 595, 751, 812, 844, 887, 1162, 1245, 1266, 1408, 2254, 2616, 2717, 3227, 3414, 3872, 5616, 6425],