Gene_set	Term	Overlap	P-value	Adjusted P-value	Odds Ratio	Combined Score	Genes
gs_ind_0	breast_cancer-predictive	1/39	0.581149729878841	0.6650236881664149	1.7270046082949309	0.9373263019293717	ERBB4
gs_ind_0	cancer-predictive	1/45	0.6336985100970747	0.6650236881664149	1.4936281261326567	0.6813662266614051	NRG1
gs_ind_0	colorectal_cancer-predictive	1/38	0.5716880446897971	0.6650236881664149	1.7731612903225806	0.9914840814668744	NRG1
gs_ind_0	head_and_neck_squamous_cell_carcinoma-predictive	1/20	0.3598379912682808	0.6650236881664149	3.413498759305211	3.4889417688861166	NRG1
gs_ind_0	lung_non-small_cell_carcinoma-predictive	1/49	0.6650236881664149	0.6650236881664149	1.3701230462254739	0.5589178807600734	NRG1
gs_ind_0	melanoma-predictive	1/25	0.4274313633196325	0.6650236881664149	2.716076366030283	2.3085604973652054	ERBB4
gs_ind_0	ovarian_cancer-predictive	1/19	0.34539292820413975	0.6650236881664149	3.5982214472537053	3.825170585049444	NRG1
