Gene_set	Term	Overlap	P-value	Adjusted P-value	Odds Ratio	Combined Score	Genes
gs_ind_0	breast_cancer	1/45	0.45894094465271257	0.45894094465271257	2.455546763728438	1.9124626650407048	ESR1
gs_ind_0	colon_adenocarcinoma	1/3	0.040058160752385344	0.16023264300954138	43.85070422535211	141.08625829472538	FOS
gs_ind_0	estrogen-receptor_positive_breast_cancer	1/8	0.10330642667278117	0.20661285334556234	14.611267605633802	33.16839118257686	ESR1
gs_ind_0	glioblastoma	1/16	0.1959943766871843	0.2613258355829124	7.06560654248069	11.514602142594008	HGF
