Gene_set	Term	Overlap	P-value	Adjusted P-value	Odds Ratio	Combined Score	Genes
gs_ind_0	colorectal_cancer	1/43	0.2461411804010844	0.2461411804010844	5.376470588235295	7.537005313474473	PTP4A3
