Gene_set	Term	Overlap	P-value	Adjusted P-value	Odds Ratio	Combined Score	Genes
gs_ind_0	bile_duct_adenocarcinoma	1/1	0.008363746958637468	0.04181873479318734	357.32876712328766	1709.406776479041	MAGEH1
gs_ind_0	colon_adenocarcinoma	1/3	0.024883845396262653	0.0550688848482608	71.45479452054795	263.9208891840471	FOS
gs_ind_0	hepatocellular_carcinoma	1/4	0.03304133090895648	0.0550688848482608	51.03522504892368	174.0299157966905	PROM1
gs_ind_0	ovarian_cancer	1/20	0.15473099541011118	0.15473099541011118	9.148928696873902	17.072515603535873	ASS1
gs_ind_0	sarcoma	1/9	0.0728253898010852	0.09103173725135649	21.00644641418211	55.03039070593837	ASS1
