{"up": {"PLA2G2D": {"log2fc": 7.070420153241122, "padj": 2.2828942330752702e-06}, "BATF": {"log2fc": 5.044603863460295, "padj": 6.835299891626863e-07}, "NNMT": {"log2fc": 5.888556272574153, "padj": 7.3335528293533934e-06}, "PADI1": {"log2fc": 8.350249164723547, "padj": 0.00033501926428666556}, "SNX20": {"log2fc": 5.046725593760839, "padj": 4.703639277737183e-06}, "RIN1": {"log2fc": 4.7425812747936185, "padj": 1.0719718611251778e-05}, "TNFRSF18": {"log2fc": 4.390226517021003, "padj": 8.631338203152741e-05}, "CD2": {"log2fc": 3.828210409722899, "padj": 2.0530367219063143e-05}, "PLEKHN1": {"log2fc": 6.71628039432691, "padj": 6.3454759036635826e-06}, "HP": {"log2fc": 11.922977550591028, "padj": 0.0004412794622011815}, "TNNT1": {"log2fc": 8.263440499135474, "padj": 1.502830096598081e-07}, "TREM2": {"log2fc": 7.153532288799079, "padj": 5.571542208887292e-07}, "CD7": {"log2fc": 4.7070046620198465, "padj": 8.70426616487559e-07}, "MUC5B": {"log2fc": 16.914051252378556, "padj": 1.2968720957110357e-05}, "KCNH8": {"log2fc": 5.227736652456964, "padj": 0.00014432194593799115}, "COL17A1": {"log2fc": 6.0559074535936634, "padj": 7.531778586425433e-06}, "GZMA": {"log2fc": 3.3508574342853312, "padj": 0.0005721599349370973}, "SPI1": {"log2fc": 4.486416220467852, "padj": 0.0005661126584443556}, "C3": {"log2fc": 5.830153486895471, "padj": 8.037537399785354e-07}, "MYEOV": {"log2fc": 7.100896007403864, "padj": 4.399069777906122e-05}, "LINC00511": {"log2fc": 5.995326580827865, "padj": 4.3996355688560806e-06}, "PIF1": {"log2fc": 3.823497121783141, "padj": 0.000660734189716319}, "SIRPG": {"log2fc": 4.860192489864971, "padj": 0.00021328240048453464}, "CCR5": {"log2fc": 4.495195632165553, "padj": 8.807927739547263e-07}, "SIGLEC10": {"log2fc": 6.093717401086764, "padj": 2.6121393513749587e-05}, "FCGR3A": {"log2fc": 5.176284965678835, "padj": 1.8678129326250226e-05}, "RNASE2": {"log2fc": 6.057903264716378, "padj": 0.0002885721478215153}, "GAL3ST4": {"log2fc": 5.413656209301854, "padj": 2.3980679413427806e-07}, "CD33": {"log2fc": 4.966403641749548, "padj": 0.0006294282142365754}, "CADM3": {"log2fc": 7.612157457790273, "padj": 0.0004274841421061929}, "CD180": {"log2fc": 4.881579505568824, "padj": 0.000537955315496257}, "PI3": {"log2fc": 10.542019421353569, "padj": 9.971705132202835e-05}, "CCL5": {"log2fc": 3.633704275289474, "padj": 8.901608529814987e-05}, "APOC1": {"log2fc": 8.019673905636674, "padj": 0.00014432194593799115}, "IL2RB": {"log2fc": 4.565165757642172, "padj": 9.725845750066e-05}, "PLPP2": {"log2fc": 5.018230693614379, "padj": 0.000321914659178356}, "SCEL": {"log2fc": 6.323937105354976, "padj": 6.857375091596453e-09}, "TCN1": {"log2fc": 11.69341394130794, "padj": 2.8128911212267563e-07}, "XDH": {"log2fc": 7.71631340631746, "padj": 2.3842395312955756e-12}, "ARHGAP22": {"log2fc": 5.5555293956629805, "padj": 7.531778586425433e-06}, "AC020912.1": {"log2fc": 5.052914907343859, "padj": 0.0005191490700549145}, "CD6": {"log2fc": 4.1943399012039535, "padj": 0.0004412794622011815}, "TIMP1": {"log2fc": 3.906982536663877, "padj": 7.747330481606213e-06}, "BMP1": {"log2fc": 3.2851580709512613, "padj": 0.0007294037074758777}, "WNT7A": {"log2fc": 4.617147706483561, "padj": 0.00031181475916505563}, "CARMIL2": {"log2fc": 4.984836716700266, "padj": 0.00012768083345145406}, "FASLG": {"log2fc": 4.738963897082379, "padj": 0.00043219959226936867}, "BEAN1": {"log2fc": 6.966639524290795, "padj": 8.747176819620485e-07}, "AC083855.2": {"log2fc": 3.7840104772402006, "padj": 0.000545323662868536}, "AC019117.1": {"log2fc": 6.731105562931067, "padj": 0.0002593705600322943}, "SLPI": {"log2fc": 7.8391989612795285, "padj": 5.9063446242256105e-05}, "MUC16": {"log2fc": 6.351211647038114, "padj": 0.00010420743845906261}, "SDR16C5": {"log2fc": 5.438228210559466, "padj": 9.580691026106799e-06}, "CCL18": {"log2fc": 8.020008295948035, "padj": 0.0004431818810241121}, "CD44": {"log2fc": 4.4986448279924645, "padj": 6.397833419443111e-06}, "HMGA2": {"log2fc": 8.726327746954722, "padj": 0.00018473254104957876}, "IGLC2": {"log2fc": 3.5084722808360835, "padj": 0.00029385791659226304}, "IKZF3": {"log2fc": 4.340689829120039, "padj": 9.397594286465283e-07}, "CD3E": {"log2fc": 3.570239624737628, "padj": 0.00014432194593799115}, "CD3D": {"log2fc": 3.5264402429402875, "padj": 0.00038056154199952243}, "ALOX5": {"log2fc": 3.6859890302126592, "padj": 0.00042521231895494265}, "KRT15": {"log2fc": 6.454574674589737, "padj": 8.330957814672121e-07}, "SIT1": {"log2fc": 4.459737023816133, "padj": 4.245932172071804e-05}, "CASC8": {"log2fc": 6.506307632992921, "padj": 2.0906062903015214e-05}, "CAMK2N2": {"log2fc": 7.444467879290046, "padj": 0.0002585496618042004}, "PAEP": {"log2fc": 16.659371508121936, "padj": 0.0003556477570122454}, "KCNN4": {"log2fc": 8.229615664547202, "padj": 1.3683592332807868e-08}, "FNDC10": {"log2fc": 3.2191865063425484, "padj": 0.0004350241747207946}, "EBI3": {"log2fc": 4.0314397555136114, "padj": 4.054762426108512e-05}, "SFN": {"log2fc": 7.6183923314239115, "padj": 2.633009293166648e-06}, "HRH1": {"log2fc": 3.3406442773818914, "padj": 0.0009611026186691528}, "CYTOR": {"log2fc": 3.761935906824557, "padj": 2.6405765413332425e-05}, "AC008760.2": {"log2fc": 4.860669497839081, "padj": 0.0004140821682913577}, "GOLGA7B": {"log2fc": 6.500735330096999, "padj": 2.9785697198690544e-09}, "SLA2": {"log2fc": 3.817944095106252, "padj": 0.0006750135231977593}, "C4BPA": {"log2fc": 7.896004661692742, "padj": 9.017553369613204e-06}, "NPTX2": {"log2fc": 3.8769169289145835, "padj": 0.000628462944862429}, "AIM2": {"log2fc": 4.628421431855928, "padj": 0.0004988201626742805}, "ABCC3": {"log2fc": 3.947031780835016, "padj": 0.0008599775648029368}, "CXCR3": {"log2fc": 4.445613077943656, "padj": 7.836376450675037e-05}, "HAMP": {"log2fc": 9.085309561098324, "padj": 2.2511207230437224e-08}, "TRBC2": {"log2fc": 3.8302711885517433, "padj": 0.00027566075126822694}, "GPR84": {"log2fc": 4.74305148878656, "padj": 0.0003575055554261579}, "C1QB": {"log2fc": 4.162940381261524, "padj": 0.0007206866074911018}, "RYR2": {"log2fc": 4.291387335245189, "padj": 0.00035589903042048993}, "FCGR1A": {"log2fc": 5.213833382944179, "padj": 4.2675504183105764e-07}, "FER1L4": {"log2fc": 5.407588954891172, "padj": 1.4720223390722864e-05}}, "down": {"UPB1": {"log2fc": -9.177881665955974, "padj": 0.0004200779849538158}, "KNG1": {"log2fc": -11.259172215708666, "padj": 0.0002585496618042004}, "KL": {"log2fc": -7.167064095164753, "padj": 0.00043219959226936867}, "SLC22A6": {"log2fc": -10.727875312517648, "padj": 0.0008755289865557002}, "CAMK2B": {"log2fc": -4.222755621874479, "padj": 0.0002723284651014815}, "ST6GALNAC2": {"log2fc": -4.1351199932475735, "padj": 0.0001364890274898437}, "STUM": {"log2fc": -5.806690048118633, "padj": 0.0002263481637949563}, "BHMT2": {"log2fc": -7.0376222092930005, "padj": 0.00038056154199952243}, "PKLR": {"log2fc": -12.974842767079414, "padj": 0.0004592178611243874}, "G6PC": {"log2fc": -10.591348604257721, "padj": 0.00013639911677144196}, "CLCNKB": {"log2fc": -7.714262881074543, "padj": 8.443866283864564e-14}, "LINC01018": {"log2fc": -5.089826078317675, "padj": 0.00042521231895494265}, "TMEM174": {"log2fc": -10.498619687839097, "padj": 0.00028216593105652123}, "TMEM213": {"log2fc": -6.279749607729293, "padj": 5.696036269766881e-05}, "OXGR1": {"log2fc": -4.924539593766363, "padj": 7.646198585786091e-05}, "CA4": {"log2fc": -8.26520398039076, "padj": 5.3709602601340474e-05}, "SLC4A9": {"log2fc": -8.047375652253685, "padj": 5.0817074783328244e-05}, "ATP6V0A4": {"log2fc": -6.7317933221176105, "padj": 9.261850022120033e-10}, "SLC9A3": {"log2fc": -6.891389437646946, "padj": 1.2398613438901642e-15}, "AL031429.2": {"log2fc": -7.796149547879586, "padj": 0.00012768083345145406}, "SLC26A7": {"log2fc": -8.20275106505488, "padj": 1.3683592332807868e-08}, "KCNJ1": {"log2fc": -7.918895301137076, "padj": 3.3673470756970535e-11}, "PIK3C2G": {"log2fc": -8.498659192434676, "padj": 0.00034878066315088526}, "FER1L6": {"log2fc": -8.805799510449347,