Gene_set	Term	Overlap	P-value	Adjusted P-value	Odds Ratio	Combined Score	Genes
gs_ind_0	cancer-ACLY SiRNA	1/1	0.011972089607051045	0.011972089607051045	248.35384615384615	1099.0097786005017	PRKAA2
gs_ind_0	cancer-Belinostat	1/1	0.011972089607051045	0.011972089607051045	248.35384615384615	1099.0097786005017	UGT1A1
gs_ind_0	cancer-Entrectinib	1/1	0.011972089607051045	0.011972089607051045	248.35384615384615	1099.0097786005017	NTRK3
gs_ind_0	gastrointestinal_stromal_tumor-Larotrectinib	1/1	0.011972089607051045	0.011972089607051045	248.35384615384615	1099.0097786005017	NTRK3
gs_ind_0	lung_cancer-Paclitaxel	1/1	0.011972089607051045	0.011972089607051045	248.35384615384615	1099.0097786005017	PDCD4
gs_ind_0	lung_non-small_cell_carcinoma-Entrectinib	1/1	0.011972089607051045	0.011972089607051045	248.35384615384615	1099.0097786005017	NTRK3
gs_ind_0	lung_non-small_cell_carcinoma-Repotrectinib	1/1	0.011972089607051045	0.011972089607051045	248.35384615384615	1099.0097786005017	NTRK3
