Gene_set	Term	Overlap	P-value	Adjusted P-value	Odds Ratio	Combined Score	Genes
gs_ind_0	cancer-predictive	3/38	0.010456188746808284	0.041824754987233134	8.242069237857049	37.58846159663771	UGT1A1;NTRK3;PRKAA2
gs_ind_0	gastrointestinal_stromal_tumor-predictive	1/4	0.047040305805007857	0.06272040774001048	35.47120879120879	108.42663430205874	NTRK3
gs_ind_0	lung_cancer-predictive	1/4	0.047040305805007857	0.06272040774001048	35.47120879120879	108.42663430205874	PDCD4
gs_ind_0	lung_non-small_cell_carcinoma-predictive	1/43	0.4047129962061037	0.4047129962061037	2.91268778280543	2.6347507098074066	NTRK3
