Gene_set	Term	Overlap	P-value	Adjusted P-value	Odds Ratio	Combined Score	Genes
gs_ind_0	cancer	3/42	0.013743933719917606	0.054975734879670425	7.405221026065696	31.74735061035985	UGT1A1;NTRK3;PRKAA2
gs_ind_0	gastrointestinal_stromal_tumor	1/4	0.047040305805007857	0.09408061161001571	35.47120879120879	108.42663430205874	NTRK3
gs_ind_0	lung_cancer	1/7	0.08087120672432546	0.10782827563243395	19.095621301775147	48.02352894002167	PDCD4
gs_ind_0	lung_non-small_cell_carcinoma	1/46	0.4259062041616579	0.4259062041616579	2.7200338123415047	2.3216471472002937	NTRK3
