Gene_set	Term	Overlap	P-value	Adjusted P-value	Odds Ratio	Combined Score	Genes
gs_ind_0	breast_cancer-predictive	1/33	0.7237963629687936	0.8130903967618073	1.1605982083364181	0.3751577915903264	PGR
gs_ind_0	breast_cancer-prognostic	1/12	0.3734285003914426	0.8130903967618073	3.285224086705444	3.2360400904535354	PGR
gs_ind_0	cancer-predictive	1/38	0.7727800672024457	0.8130903967618073	1.0054667949951877	0.25916991476727586	PRKAA2
gs_ind_0	lung_adenocarcinoma-predictive	1/17	0.4843902028275839	0.8130903967618073	2.2888266689999126	1.6590891827247223	ROS1
gs_ind_0	lung_non-small_cell_carcinoma-predictive	1/43	0.8130903967618073	0.8130903967618073	0.8868368906754232	0.1834980695760227	ROS1
gs_ind_0	mantle_cell_lymphoma-predictive	1/2	0.07493031870100235	0.3371864341545106	25.205967276227142	65.31361875507844	ZEB1
gs_ind_0	melanoma-predictive	1/22	0.5757323291041873	0.8130903967618073	1.7558699106923026	0.9694376079182649	SOX10
gs_ind_0	meningioma-prognostic	1/1	0.03819316929856775	0.3371864341545106	75.62367661212704	246.91876014400407	LEPR
gs_ind_0	ovarian_cancer-prognostic	1/5	0.17694924839063084	0.5308477451718926	8.400064164260506	14.548006611743519	ABCG2
