Gene_set	Term	Overlap	P-value	Adjusted P-value	Odds Ratio	Combined Score	Genes
gs_ind_0	cancer	1/9	0.6223401734637102	0.8033296604234083	1.5453545904343045	0.7329129001349989	NTRK3
gs_ind_0	gastrointestinal_stromal_tumor	1/1	0.102287166454892	0.306861499364676	26.42056074766355	60.23811399913913	NTRK3
gs_ind_0	lung_non-small_cell_carcinoma	1/15	0.8033296604234083	0.8033296604234083	0.9020302932645826	0.1975357160887057	NTRK3
