Gene_set	Term	Overlap	P-value	Adjusted P-value	Odds Ratio	Combined Score	Genes
gs_ind_0	cancer-predictive	1/9	0.6223401734637102	0.7554764913084177	1.5453545904343045	0.7329129001349989	NTRK3
gs_ind_0	gastrointestinal_stromal_tumor-predictive	1/1	0.102287166454892	0.306861499364676	26.42056074766355	60.23811399913913	NTRK3
gs_ind_0	lung_non-small_cell_carcinoma-predictive	1/13	0.7554764913084177	0.7554764913084177	1.0478504672897195	0.29382420202050835	NTRK3
