Gene_set	Term	Overlap	P-value	Adjusted P-value	Odds Ratio	Combined Score	Genes
gs_ind_0	breast_cancer	1/10	0.4680298999452105	0.6126069665764076	2.429594929732709	1.8446045853877757	MKI67
gs_ind_0	gastric_adenocarcinoma	1/5	0.2702586413941589	0.5405172827883178	5.146596858638744	6.733683026237566	PBK
gs_ind_0	lung_non-small_cell_carcinoma	1/15	0.6126069665764076	0.6126069665764076	1.5863874345549738	0.7773801512474268	PBK
gs_ind_0	prostate_cancer	1/3	0.17214305877674094	0.5405172827883178	9.276439790575916	16.321240995019533	MKI67
