Gene_set	Term	Overlap	P-value	Adjusted P-value	Odds Ratio	Combined Score	Genes
gs_ind_0	breast_cancer-nan	1/3	0.1293900763660928	0.1293900763660928	12.778723404255318	26.131512932464034	MKI67
gs_ind_0	prostate_cancer-nan	1/2	0.08820866092438233	0.1293900763660928	21.31205673758865	51.74674201225653	MKI67
