Gene_set	Term	Overlap	P-value	Adjusted P-value	Odds Ratio	Combined Score	Genes
gs_ind_0	cancer	1/9	0.32058805119842493	0.4755872873624909	4.042658284687921	4.59892123105116	NTRK3
gs_ind_0	gastrointestinal_stromal_tumor	1/1	0.04193138500635324	0.12579415501905972	69.09160305343511	219.1392666991817	NTRK3
gs_ind_0	lung_non-small_cell_carcinoma	1/15	0.4755872873624909	0.4755872873624909	2.3603579889444593	1.7542294914446364	NTRK3
