Gene_set	Term	Overlap	P-value	Adjusted P-value	Odds Ratio	Combined Score	Genes
gs_ind_0	cancer-predictive	1/9	0.5575701298770909	0.6925621906826199	1.863034512698068	1.088323263656433	NTRK3
gs_ind_0	gastrointestinal_stromal_tumor-predictive	1/1	0.08640406607369759	0.2592121982210928	31.84870848708487	77.98858674802815	NTRK3
gs_ind_0	lung_non-small_cell_carcinoma-predictive	1/13	0.6925621906826199	0.6925621906826199	1.2633210332103322	0.46409012662096716	NTRK3
