Gene_set	Term	Overlap	P-value	Adjusted P-value	Odds Ratio	Combined Score	Genes
gs_ind_0	cancer	1/9	0.5575701298770909	0.743814450522008	1.863034512698068	1.088323263656433	NTRK3
gs_ind_0	gastrointestinal_stromal_tumor	1/1	0.08640406607369759	0.2592121982210928	31.84870848708487	77.98858674802815	NTRK3
gs_ind_0	lung_non-small_cell_carcinoma	1/15	0.743814450522008	0.743814450522008	1.0875429443949611	0.32187320079326753	NTRK3
