Gene_set	Term	Overlap	P-value	Adjusted P-value	Odds Ratio	Combined Score	Genes
gs_ind_0	breast_cancer-prognostic	1/3	0.13632717652299392	0.18176956869732522	12.060402684563758	24.032735154171768	MKI67
gs_ind_0	gastric_adenocarcinoma-prognostic	1/1	0.04764930114358323	0.18176956869732522	60.38255033557047	183.79767904042293	PBK
gs_ind_0	lung_non-small_cell_carcinoma-predictive	1/13	0.4712174847119845	0.4712174847119845	2.3959731543624163	1.80281535556763	PBK
gs_ind_0	prostate_cancer-prognostic	1/2	0.09305699498606974	0.18176956869732522	20.114093959731544	47.76178351223197	MKI67
