Gene_set	Term	Overlap	P-value	Adjusted P-value	Odds Ratio	Combined Score	Genes
gs_ind_0	breast_cancer	1/10	0.3705611178300249	0.3705611178300249	3.347144456886898	3.322833769960497	MKI67
gs_ind_0	prostate_cancer	1/3	0.1293900763660928	0.2587801527321856	12.778723404255318	26.131512932464034	MKI67
