Gene_set	Term	Overlap	P-value	Adjusted P-value	Odds Ratio	Combined Score	Genes
gs_ind_0	cancer-Entrectinib	1/1	0.04193138500635324	0.04193138500635324	69.09160305343511	219.1392666991817	NTRK3
gs_ind_0	gastrointestinal_stromal_tumor-Larotrectinib	1/1	0.04193138500635324	0.04193138500635324	69.09160305343511	219.1392666991817	NTRK3
gs_ind_0	lung_non-small_cell_carcinoma-Entrectinib	1/1	0.04193138500635324	0.04193138500635324	69.09160305343511	219.1392666991817	NTRK3
gs_ind_0	lung_non-small_cell_carcinoma-Repotrectinib	1/1	0.04193138500635324	0.04193138500635324	69.09160305343511	219.1392666991817	NTRK3
