Gene_set	Term	Overlap	P-value	Adjusted P-value	Odds Ratio	Combined Score	Genes
gs_ind_0	cancer-Entrectinib	1/1	0.09911054637865312	0.09911054637865312	27.366559485530548	63.25833375667332	NTRK3
gs_ind_0	gastrointestinal_stromal_tumor-Larotrectinib	1/1	0.09911054637865312	0.09911054637865312	27.366559485530548	63.25833375667332	NTRK3
gs_ind_0	lung_non-small_cell_carcinoma-Entrectinib	1/1	0.09911054637865312	0.09911054637865312	27.366559485530548	63.25833375667332	NTRK3
gs_ind_0	lung_non-small_cell_carcinoma-Repotrectinib	1/1	0.09911054637865312	0.09911054637865312	27.366559485530548	63.25833375667332	NTRK3
