Gene_set	Term	Overlap	P-value	Adjusted P-value	Odds Ratio	Combined Score	Genes
gs_ind_0	adult_t-cell_leukemia/lymphoma	1/1	0.09847522236340533	0.19695044472681067	27.563106796116504	63.88991199934903	PRKCB
gs_ind_0	cancer	1/9	0.6076172870213911	0.7903572881259173	1.6122215876641919	0.8032250096451283	NTRK3
gs_ind_0	gastrointestinal_stromal_tumor	1/1	0.09847522236340533	0.19695044472681067	27.563106796116504	63.88991199934903	NTRK3
gs_ind_0	lung_non-small_cell_carcinoma	1/15	0.7903572881259173	0.7903572881259173	0.9410780046869769	0.22140758432063784	NTRK3
