Gene_set	Term	Overlap	P-value	Adjusted P-value	Odds Ratio	Combined Score	Genes
gs_ind_0	cancer-predictive	1/9	0.6271374979053757	0.7599567431702918	1.524162895927602	0.7111583539726635	NTRK3
gs_ind_0	chronic_lymphocytic_leukemia-prognostic	1/4	0.3544979929716565	0.708995985943313	3.7147252747252746	3.852365484383753	BIRC3
gs_ind_0	gastrointestinal_stromal_tumor-predictive	1/1	0.10355781448538755	0.4142312579415502	26.05846153846154	59.09082479192829	NTRK3
gs_ind_0	lung_non-small_cell_carcinoma-predictive	1/13	0.7599567431702918	0.7599567431702918	1.0334769230769232	0.283682970832094	NTRK3
