Gene_set	Term	Overlap	P-value	Adjusted P-value	Odds Ratio	Combined Score	Genes
gs_ind_0	breast_cancer-prognostic	1/3	0.13286325117592582	0.1771510015679011	12.409655172413792	25.04808067943088	MKI67
gs_ind_0	gastric_adenocarcinoma-prognostic	1/1	0.04637865311308768	0.1771510015679011	62.13103448275862	190.7991871334557	PBK
gs_ind_0	lung_non-small_cell_carcinoma-predictive	1/13	0.46193451075496267	0.46193451075496267	2.4653793103448276	1.9040917022412016	PBK
gs_ind_0	prostate_cancer-prognostic	1/2	0.09063444352805562	0.1771510015679011	20.69655172413793	49.69078497470945	MKI67
