Gene_set	Term	Overlap	P-value	Adjusted P-value	Odds Ratio	Combined Score	Genes
gs_ind_0	adult_t-cell_leukemia/lymphoma-diagnostic	1/1	0.09847522236340533	0.19695044472681067	27.563106796116504	63.88991199934903	PRKCB
gs_ind_0	cancer-predictive	1/9	0.6076172870213911	0.7415683946040654	1.6122215876641919	0.8032250096451283	NTRK3
gs_ind_0	gastrointestinal_stromal_tumor-predictive	1/1	0.09847522236340533	0.19695044472681067	27.563106796116504	63.88991199934903	NTRK3
gs_ind_0	lung_non-small_cell_carcinoma-predictive	1/13	0.7415683946040654	0.7415683946040654	1.0932038834951456	0.32685471534539895	NTRK3
