Gene_set	Term	Overlap	P-value	Adjusted P-value	Odds Ratio	Combined Score	Genes
gs_ind_0	cancer-Entrectinib	1/1	0.09847522236340533	0.09847522236340533	27.563106796116504	63.88991199934903	NTRK3
gs_ind_0	gastrointestinal_stromal_tumor-Larotrectinib	1/1	0.09847522236340533	0.09847522236340533	27.563106796116504	63.88991199934903	NTRK3
gs_ind_0	lung_non-small_cell_carcinoma-Entrectinib	1/1	0.09847522236340533	0.09847522236340533	27.563106796116504	63.88991199934903	NTRK3
gs_ind_0	lung_non-small_cell_carcinoma-Repotrectinib	1/1	0.09847522236340533	0.09847522236340533	27.563106796116504	63.88991199934903	NTRK3
