Gene_set	Term	Overlap	P-value	Adjusted P-value	Odds Ratio	Combined Score	Genes
gs_ind_0	breast_cancer	1/10	0.37891179088293847	0.5052157211772513	3.250453720508167	3.1544088027495456	MKI67
gs_ind_0	gastric_adenocarcinoma	1/5	0.21160226475145483	0.42320452950290965	6.885057471264368	10.692816997316964	PBK
gs_ind_0	lung_non-small_cell_carcinoma	1/15	0.5110983125663334	0.5110983125663334	2.122473246135553	1.4245898536178538	PBK
gs_ind_0	prostate_cancer	1/3	0.13286325117592582	0.42320452950290965	12.409655172413792	25.04808067943088	MKI67
