Gene_set	Term	Overlap	P-value	Adjusted P-value	Odds Ratio	Combined Score	Genes
gs_ind_0	cancer	1/9	0.6271374979053757	0.8074845509749006	1.524162895927602	0.7111583539726635	NTRK3
gs_ind_0	chronic_lymphocytic_leukemia	1/4	0.3544979929716565	0.708995985943313	3.7147252747252746	3.852365484383753	BIRC3
gs_ind_0	gastrointestinal_stromal_tumor	1/1	0.10355781448538755	0.4142312579415502	26.05846153846154	59.09082479192829	NTRK3
gs_ind_0	lung_non-small_cell_carcinoma	1/15	0.8074845509749006	0.8074845509749006	0.8896551724137931	0.19023617187895328	NTRK3
