{"gender": {"MALE": {"times": [540, 104, 640, 26, 1939, 741, 707, 28, 755, 1070, 1079, 1441, 271, 206, 10, 50, 98, 339, 203, 170, 1716], "status": [false, true, false, false, false, false, true, false, true, true, true, true, false, true, true, true, false, false, true, false, true], "nsamples": 21, "mean_prob": 0.6519499334125186, "x": [10, 26, 28, 50, 98, 104, 170, 203, 206, 271, 339, 540, 640, 707, 741, 755, 1070, 1079, 1441, 1716, 1939], "y": [0.9523809523809523, 0.9523809523809523, 0.9523809523809523, 0.8994708994708994, 0.8994708994708994, 0.8432539682539683, 0.8432539682539683, 0.7830215419501134, 0.7227891156462586, 0.7227891156462586, 0.7227891156462586, 0.7227891156462586, 0.7227891156462586, 0.6324404761904763, 0.6324404761904763, 0.5270337301587302, 0.4216269841269842, 0.31622023809523814, 0.21081349206349212, 0.10540674603174606, 0.10540674603174606], "cil": [0.7072067655994965, 0.7072067655994965, 0.7072067655994965, 0.6534216850815039, 0.6534216850815039, 0.5871185904765955, 0.5871185904765955, 0.5172412915748967, 0.4536810136923046, 0.4536810136923046, 0.4536810136923046, 0.4536810136923046, 0.4536810136923046, 0.3419598506584812, 0.3419598506584812, 0.23144647698050097, 0.147536465073707, 0.0825515246560941, 0.03479405987646938, 0.006236528925644852, 0.006236528925644852], "ciu": [0.9931521371913737, 0.9931521371913737, 0.9931521371913737, 0.9739659393814053, 0.9739659393814053, 0.9468819584581872, 0.9468819584581872, 0.9132457269296551, 0.8751642073257947, 0.8751642073257947, 0.8751642073257947, 0.8751642073257947, 0.8751642073257947, 0.8223195915324701, 0.8223195915324701, 0.7555387150626328, 0.6772235329706505, 0.5877718429766783, 0.4859432489996328, 0.36897896859626517, 0.36897896859626517]}, "FEMALE": {"times": [445, 561, 115, 916, 1220, 368, 352, 656, 627, 1485, 609, 964, 924, 1976, 21, 1777, 180, 1402, 371, 635, 385, 1777, 833, 155, 168, 701], "status": [false, false, true, true, false, true, true, true, false, true, true, true, false, true, false, true, true, false, true, true, false, true, false, true, true, false], "nsamples": 26, "mean_prob": 0.6181579487179489, "x": [21, 115, 155, 168, 180, 352, 368, 371, 385, 445, 561, 609, 627, 635, 656, 701, 833, 916, 924, 964, 1220, 1402, 1485, 1777, 1976], "y": [1.0, 0.96, 0.92, 0.8800000000000001, 0.8400000000000002, 0.8000000000000002, 0.7600000000000001, 0.7200000000000002, 0.7200000000000002, 0.7200000000000002, 0.7200000000000002, 0.6720000000000002, 0.6720000000000002, 0.6203076923076924, 0.5686153846153847, 0.5686153846153847, 0.5686153846153847, 0.5054358974358976, 0.5054358974358976, 0.43323076923076936, 0.43323076923076936, 0.43323076923076936, 0.32492307692307704, 0.10830769230769235, 0.0], "cil": [1.0, 0.7483850241947579, 0.7163903372580634, 0.6725614528633592, 0.628056081556178, 0.5844490882029532, 0.5420481224667528, 0.5008872014320702, 0.5008872014320702, 0.5008872014320702, 0.5008872014320702, 0.4481051394671977, 0.4481051394671977, 0.39291763916493694, 0.3416796243865069, 0.3416796243865069, 0.3416796243865069, 0.27750929211501857, 0.27750929211501857, 0.20833784352598927, 0.20833784352598927, 0.20833784352598927, 0.1070035827306067, 0.007125057454293407, 0.0], "ciu": [1.0, 0.9942669507488378, 0.9793705854280496, 0.9596398323320325, 0.9367332402513401, 0.9114580595645831, 0.8842776378415352, 0.8554842973879198, 0.8554842973879198, 0.8554842973879198, 0.8554842973879198, 0.82132719408659, 0.82132719408659, 0.7833951880070352, 0.7431997270750743, 0.7431997270750743, 0.7431997270750743, 0.6954509242996242, 0.6954509242996242, 0.6401373805143595, 0.6401373805143595, 0.6401373805143595, 0.5680966145381912, 0.3681318099987847, 0.0]}}, "ethnicity": {"Not_informed": {"times": [540, 26, 755], "status": [false, false, true], "nsamples": 3, "mean_prob": 0.6666666666666666, "x": [26, 540, 755], "y": [1.0, 1.0, 0.0], "cil": [1.0, 1.0, 0.0], "ciu": [1.0, 1.0, 0.0]}, "NOT_HISPANIC_OR_LATINO": {"times": [445, 104, 640, 561, 1939, 741, 115, 916, 707, 1220, 368, 28, 656, 627, 1070, 1485, 609, 1079, 1441, 964, 924, 1976, 271, 206, 1777, 180, 1402, 10, 371, 635, 50, 385, 98, 339, 203, 1777, 170, 833, 1716, 155, 168, 701], "status": [false, true, false, false, false, false, true, true, true, false, true, false, true, false, true, true, true, true, true, true, false, true, false, true, true, true, false, true, true, true, true, false, false, false, true, true, false, false, true, true, true, false], "nsamples": 42, "mean_prob": 0.6309571532592922, "x": [10, 28, 50, 98, 104, 115, 155, 168, 170, 180, 203, 206, 271, 339, 368, 371, 385, 445, 561, 609, 627, 635, 640, 656, 701, 707, 741, 833, 916, 924, 964, 1070, 1079, 1220, 1402, 1441, 1485, 1716, 1777, 1939, 1976], "y": [0.9761904761904762, 0.9761904761904762, 0.9517857142857142, 0.9517857142857142, 0.9267387218045112, 0.9016917293233083, 0.8766447368421053, 0.8515977443609023, 0.8515977443609023, 0.8257917521075416, 0.799985759854181, 0.7741797676008203, 0.7741797676008203, 0.7741797676008203, 0.7465304901865053, 0.7188812127721903, 0.7188812127721903, 0.7188812127721903, 0.7188812127721903, 0.6876255078690516, 0.6876255078690516, 0.6548814360657634, 0.6548814360657634, 0.6204139920623022, 0.6204139920623022, 0.583919051352755, 0.583919051352755, 0.583919051352755, 0.5422105476847011, 0.5422105476847011, 0.4970263353776427, 0.45184212307058425, 0.4066579107635258, 0.4066579107635258, 0.4066579107635258, 0.3485639235115936, 0.29046993625966133, 0.23237594900772907, 0.11618797450386453, 0.11618797450386453, 0.0], "cil": [0.8427555396046066, 0.8427555396046066, 0.8206367252815371, 0.8206367252815371, 0.7896713042101556, 0.7587738268813209, 0.7285233437633467, 0.6989849292569601, 0.6989849292569601, 0.6687287315156378, 0.6392767199333568, 0.6105234745481466, 0.6105234745481466, 0.6105234745481466, 0.5793998571764727, 0.5491453241983668, 0.5491453241983668, 0.5491453241983668, 0.5491453241983668, 0.5139894377062276, 0.5139894377062276, 0.47779573127129266, 0.47779573127129266, 0.4403572209995156, 0.4403572209995156, 0.4014244639650147, 0.4014244639650147, 0.4014244639650147, 0.3565282024315606, 0.3565282024315606, 0.3093036736462097, 0.26533809346477716, 0.22425639013425805, 0.22425639013425805, 0.22425639013425805, 0.16991874096251572, 0.12259385384129613, 0.08179996862492457, 0.02106372508326194, 0.02106372508326194, 0.0], "ciu": [0.9966114497949283, 0.9966114497949283, 0.9877229769767888, 0.9877229769767888, 0.9757839607443157, 0.9619505879563777, 0.9467476292212332, 0.9304777610111971, 0.9304777610111971, 0.9129666210974271, 0.8946635482539204, 0.8756714954092444, 0.8756714954092444, 0.8756714954092444, 0.855071243081883, 0.8338104425769242, 0.8338104425769242, 0.8338104425769242, 0.8338104425769242, 0.8099847888595995, 0.8099847888595995, 0.7845786598096102, 0.7845786598096102, 0.75741363111178, 0.75741363111178, 0.728251682317186, 0.728251682317186, 0.728251682317186, 0.6953906174780868, 0.6953906174780868, 0.6593372253175331, 0.6214630811214693, 0.581841439014615, 0.581841439014615, 0.581841439014615, 0.5343549294549126, 0.48279476463967635, 0.42709270923844245, 0.3010997777398049, 0.3010997777398049, 0.0]}, "HISPANIC_OR_LATINO": {"times": [352, 21], "status": [true, false]}}, "race": {"Not_informed": {"times": [540], "status": [false]}, "WHITE": {"times": [445, 104, 640, 26, 1939, 741, 916, 707, 1220, 368, 28, 352, 656, 627, 755, 1070, 1485, 609, 1079, 1441, 964, 924, 1976, 271, 206, 21, 1777, 180, 1402, 10, 371, 635, 50, 385, 98, 1777, 170, 833, 1716, 155, 168], "status": [false, true, false, false, false, false, true, true, false, true, false, true, true, false, true, true, true, true, true, true, true, false, true, false, true, false, true, true, false, true, true, true, true, false, false, true, false, false, true, true, true], "nsamples": 41, "mean_prob": 0.6321200487304617,