Gene_set	Term	Overlap	P-value	Adjusted P-value	Odds Ratio	Combined Score	Genes
gs_ind_0	cancer-Entrectinib	1/1	0.102287166454892	0.102287166454892	26.42056074766355	60.23811399913913	NTRK3
gs_ind_0	gastrointestinal_stromal_tumor-Larotrectinib	1/1	0.102287166454892	0.102287166454892	26.42056074766355	60.23811399913913	NTRK3
gs_ind_0	lung_non-small_cell_carcinoma-Entrectinib	1/1	0.102287166454892	0.102287166454892	26.42056074766355	60.23811399913913	NTRK3
gs_ind_0	lung_non-small_cell_carcinoma-Repotrectinib	1/1	0.102287166454892	0.102287166454892	26.42056074766355	60.23811399913913	NTRK3
