Gene_set	Term	Overlap	P-value	Adjusted P-value	Odds Ratio	Combined Score	Genes
gs_ind_0	breast_cancer-prognostic	1/3	0.17214305877674094	0.22952407836898792	9.276439790575916	16.321240995019533	MKI67
gs_ind_0	gastric_adenocarcinoma-prognostic	1/1	0.060991105463786534	0.22952407836898792	46.44502617801047	129.9080032667376	PBK
gs_ind_0	lung_non-small_cell_carcinoma-predictive	1/13	0.5601540408848562	0.5601540408848562	1.8427225130890053	1.0679377811843294	PBK
gs_ind_0	prostate_cancer-prognostic	1/2	0.11829870487604115	0.22952407836898792	15.471204188481675	33.023942183455816	MKI67
