Gene_set	Term	Overlap	P-value	Adjusted P-value	Odds Ratio	Combined Score	Genes
gs_ind_0	cancer-predictive	1/9	0.6101059723045534	0.7439359850692853	1.6007187440892756	0.7909513266087052	NTRK3
gs_ind_0	gastrointestinal_stromal_tumor-predictive	1/1	0.09911054637865312	0.2973316391359594	27.366559485530548	63.25833375667332	NTRK3
gs_ind_0	lung_non-small_cell_carcinoma-predictive	1/13	0.7439359850692853	0.7439359850692853	1.0854019292604502	0.3210622048170162	NTRK3
