Gene_set	Term	Overlap	P-value	Adjusted P-value	Odds Ratio	Combined Score	Genes
gs_ind_0	cancer	1/9	0.6101059723045534	0.7925733844459393	1.6007187440892756	0.7909513266087052	NTRK3
gs_ind_0	gastrointestinal_stromal_tumor	1/1	0.09911054637865312	0.2973316391359594	27.366559485530548	63.25833375667332	NTRK3
gs_ind_0	lung_non-small_cell_carcinoma	1/15	0.7925733844459393	0.7925733844459393	0.9343607938795876	0.21721102086150276	NTRK3
