Gene_set	Term	Overlap	P-value	Adjusted P-value	Odds Ratio	Combined Score	Genes
gs_ind_0	breast_cancer	1/10	0.38716262292144216	0.5162168305619229	3.158954433062522	2.997564904039561	MKI67
gs_ind_0	gastric_adenocarcinoma	1/5	0.2168477446866194	0.4336954893732388	6.691275167785235	10.228014293060129	PBK
gs_ind_0	lung_non-small_cell_carcinoma	1/15	0.5208242315448606	0.5208242315448606	2.0627169636658182	1.3455982742593873	PBK
gs_ind_0	prostate_cancer	1/3	0.13632717652299392	0.4336954893732388	12.060402684563758	24.032735154171768	MKI67
