Gene_set	Term	Overlap	P-value	Adjusted P-value	Odds Ratio	Combined Score	Genes
gs_ind_0	cancer-Entrectinib	1/1	0.08640406607369759	0.08640406607369759	31.84870848708487	77.98858674802815	NTRK3
gs_ind_0	gastrointestinal_stromal_tumor-Larotrectinib	1/1	0.08640406607369759	0.08640406607369759	31.84870848708487	77.98858674802815	NTRK3
gs_ind_0	lung_non-small_cell_carcinoma-Entrectinib	1/1	0.08640406607369759	0.08640406607369759	31.84870848708487	77.98858674802815	NTRK3
gs_ind_0	lung_non-small_cell_carcinoma-Repotrectinib	1/1	0.08640406607369759	0.08640406607369759	31.84870848708487	77.98858674802815	NTRK3
