Gene_set	Term	Overlap	P-value	Adjusted P-value	Odds Ratio	Combined Score	Genes
gs_ind_0	breast_cancer	1/10	0.4152695374835157	0.5534613576290568	2.8740716822731676	2.5258131786578115	MKI67
gs_ind_0	gastric_adenocarcinoma	1/5	0.23498749514824732	0.46997499029649464	6.087934560327199	8.816686721193845	PBK
gs_ind_0	lung_non-small_cell_carcinoma	1/15	0.5534613576290568	0.5534613576290568	1.8766659614977788	1.1101667914773177	PBK
gs_ind_0	prostate_cancer	1/3	0.14837825377061595	0.46997499029649464	10.973006134969324	20.9363914281712	MKI67
