Gene_set	Term	Overlap	P-value	Adjusted P-value	Odds Ratio	Combined Score	Genes
gs_ind_0	cancer-Entrectinib	1/1	0.10355781448538755	0.10355781448538755	26.05846153846154	59.09082479192829	NTRK3
gs_ind_0	gastrointestinal_stromal_tumor-Larotrectinib	1/1	0.10355781448538755	0.10355781448538755	26.05846153846154	59.09082479192829	NTRK3
gs_ind_0	lung_non-small_cell_carcinoma-Entrectinib	1/1	0.10355781448538755	0.10355781448538755	26.05846153846154	59.09082479192829	NTRK3
gs_ind_0	lung_non-small_cell_carcinoma-Repotrectinib	1/1	0.10355781448538755	0.10355781448538755	26.05846153846154	59.09082479192829	NTRK3
