Gene_set	Term	Overlap	P-value	Adjusted P-value	Odds Ratio	Combined Score	Genes
gs_ind_0	breast_cancer-prognostic	1/3	0.14837825377061595	0.1978376716941546	10.973006134969324	20.9363914281712	MKI67
gs_ind_0	gastric_adenocarcinoma-prognostic	1/1	0.052096569250317665	0.1978376716941546	54.938650306748464	162.32482274380837	PBK
gs_ind_0	lung_non-small_cell_carcinoma-predictive	1/13	0.502556293130427	0.502556293130427	2.179877300613497	1.4998593868203323	PBK
gs_ind_0	prostate_cancer-prognostic	1/2	0.10151047981705255	0.1978376716941546	18.300613496932517	41.8643596575728	MKI67
