Gene_set	Term	Overlap	P-value	Adjusted P-value	Odds Ratio	Combined Score	Genes
gs_ind_0	head_and_neck_squamous_cell_carcinoma-predictive	1/20	0.3316968341632824	0.39579932646563076	3.7829447699788057	4.1746077098223795	PTPRT
gs_ind_0	melanoma-predictive	1/25	0.39579932646563076	0.39579932646563076	3.009922931895611	2.7897408916176154	SOX10
