Gene_set	Term	Overlap	P-value	Adjusted P-value	Odds Ratio	Combined Score	Genes
gs_ind_0	head_and_neck_squamous_cell_carcinoma-Stattic	1/1	0.019936770114200916	0.029905155171301375	147.71961102106968	578.3502711658866	PTPRT
gs_ind_0	head_and_neck_squamous_cell_carcinoma-Stattic-JSI-124	1/1	0.019936770114200916	0.029905155171301375	147.71961102106968	578.3502711658866	PTPRT
gs_ind_0	melanoma-Vemurafenib	1/14	0.2457671616596429	0.2457671616596429	5.466414550693319	7.671405952068733	SOX10
