Gene_set	Term	Overlap	P-value	Adjusted P-value	Odds Ratio	Combined Score	Genes
gs_ind_0	head_and_neck_squamous_cell_carcinoma	1/22	0.3581134021754945	0.4196897020967766	3.4305906298292563	3.5228926497907307	PTPRT
gs_ind_0	melanoma	1/27	0.4196897020967766	0.4196897020967766	2.7823919757805573	2.415783022100469	SOX10
