Gene_set	Term	Overlap	P-value	Adjusted P-value	Odds Ratio	Combined Score	Genes
gs_ind_0	colon_adenocarcinoma-Irbesartan	1/1	0.021172248803827756	0.04763755980861245	138.8953323903819	535.450391986152	FOS
gs_ind_0	colorectal_cancer-Cetuximab	1/16	0.2900415747194205	0.2900415747194205	4.476388191814573	5.540564456209889	AREG
gs_ind_0	colorectal_cancer-Panitumumab	1/10	0.19269536649411118	0.24775118549242864	7.306260701258096	12.030815818766243	AREG
gs_ind_0	glioblastoma-MET Tyrosine Kinase Inhibitor SGX523	1/1	0.021172248803827756	0.04763755980861245	138.8953323903819	535.450391986152	HGF
gs_ind_0	head_and_neck_squamous_cell_carcinoma-Cetuximab	1/5	0.10148413600947	0.152226204014205	15.429042904290428	35.299378827667134	AREG
gs_ind_0	head_and_neck_squamous_cell_carcinoma-Cetuximab-Docetaxel	1/1	0.021172248803827756	0.04763755980861245	138.8953323903819	535.450391986152	AREG
gs_ind_0	lung_non-small_cell_carcinoma-Crizotinib	1/5	0.10148413600947	0.152226204014205	15.429042904290428	35.299378827667134	AREG
gs_ind_0	melanoma-Vemurafenib	1/14	0.2589684863407694	0.2900415747194205	5.14018544711614	6.9446418892159025	SOX10
gs_ind_0	rhabdomyosarcoma-Bazedoxifene	1/1	0.021172248803827756	0.04763755980861245	138.8953323903819	535.450391986152	IL6
