Gene_set	Term	Overlap	P-value	Adjusted P-value	Odds Ratio	Combined Score	Genes
gs_ind_0	adult_t-cell_leukemia/lymphoma-diagnostic	1/1	0.021172248803827756	0.12569241910544435	138.8953323903819	535.450391986152	PRKCB
gs_ind_0	colon_adenocarcinoma-predictive	1/2	0.04189747303514811	0.12569241910544435	46.2956152758133	146.87421737263736	FOS
gs_ind_0	colorectal_cancer-predictive	1/39	0.5663616243764035	0.6268306000826874	1.7996473116699425	1.0231399751988588	AREG
gs_ind_0	glioblastoma-predictive	1/12	0.22653941628173596	0.4077709493071247	6.03486870426173	8.960792274006762	HGF
gs_ind_0	head_and_neck_squamous_cell_carcinoma-predictive	1/19	0.3342317877046061	0.5013476815569092	3.7497993042547497	4.109482121650777	AREG
gs_ind_0	lung_non-small_cell_carcinoma-predictive	1/46	0.6268306000826874	0.6268306000826874	1.5221256819559508	0.7109528655393438	AREG
gs_ind_0	melanoma-predictive	1/25	0.4145522701278919	0.5329957758787182	2.830441936321912	2.4923632192870984	SOX10
gs_ind_0	prostate_cancer-prognostic	1/7	0.13914082100670294	0.31306684726508166	10.680339462517681	21.06449984594683	FGF13
gs_ind_0	rhabdomyosarcoma-predictive	1/2	0.04189747303514811	0.12569241910544435	46.2956152758133	146.87421737263736	IL6
