Gene_set	Term	Overlap	P-value	Adjusted P-value	Odds Ratio	Combined Score	Genes
gs_ind_0	adult_t-cell_leukemia/lymphoma	1/1	0.021172248803827756	0.18655525459035116	138.8953323903819	535.450391986152	PRKCB
gs_ind_0	colon_adenocarcinoma	1/3	0.06218508486345038	0.18655525459035116	27.775671852899574	77.15081997594443	FOS
gs_ind_0	colorectal_cancer	1/51	0.664801428082298	0.664801428082298	1.3710000420126878	0.5597339196475055	AREG
gs_ind_0	glioblastoma	1/17	0.30508738904828325	0.5432357823494915	4.204834769191205	4.991799122361222	HGF
gs_ind_0	head_and_neck_squamous_cell_carcinoma	1/21	0.36215718823299436	0.5432357823494915	3.383551247110774	3.436594976204175	AREG
gs_ind_0	lung_non-small_cell_carcinoma	1/50	0.6575287941978368	0.664801428082298	1.3987827354163989	0.5864630528729722	AREG
gs_ind_0	melanoma	1/27	0.43911738882375734	0.5645794999162594	2.6165034293186733	2.1533522355289563	SOX10
gs_ind_0	prostate_cancer	1/17	0.30508738904828325	0.5432357823494915	4.204834769191205	4.991799122361222	FGF13
gs_ind_0	rhabdomyosarcoma	1/3	0.06218508486345038	0.18655525459035116	27.775671852899574	77.15081997594443	IL6
