Gene_set	Term	Overlap	P-value	Adjusted P-value	Odds Ratio	Combined Score	Genes
gs_ind_0	breast_cancer-predictive	1/40	0.314126147739135	0.314126147739135	4.017012953463483	4.651542847737457	TIMP1
gs_ind_0	breast_cancer-prognostic	1/15	0.13177226700647895	0.17569635600863862	10.957977279581783	22.208314448283424	FCGR3A
gs_ind_0	colorectal_cancer-predictive	1/38	0.3010589215093234	0.314126147739135	4.231720116618076	5.079965370827199	DKK1
gs_ind_0	her2-receptor_positive_breast_cancer-predictive	1/7	0.06379998125491321	0.10207997000786113	24.455483292217988	67.30154828394402	FCGR3A
gs_ind_0	inflammatory_breast_carcinoma-predictive	1/2	0.018657217390783812	0.10207997000786113	106.00291545189505	422.05296286336386	MMP9
gs_ind_0	lung_cancer-predictive	1/5	0.04599609504914237	0.10207997000786113	35.328474246841594	108.78339467056738	NQO1
gs_ind_0	pancreatic_ductal_adenocarcinoma-predictive	1/6	0.05493971916488596	0.10207997000786113	28.90352504638219	83.86411870695706	NQO1
gs_ind_0	prostate_cancer-prognostic	1/7	0.06379998125491321	0.10207997000786113	24.455483292217988	67.30154828394402	ETV4
