Gene_set	Term	Overlap	P-value	Adjusted P-value	Odds Ratio	Combined Score	Genes
gs_ind_0	breast_cancer	2/51	0.08264977563746251	0.11570968589244751	5.370864065878728	13.390333059240358	FCGR3A;TIMP1
gs_ind_0	colorectal_cancer	1/51	0.3817723750021259	0.3817723750021259	3.1401148861241808	3.0237131036859815	DKK1
gs_ind_0	her2-receptor_positive_breast_cancer	1/7	0.06379998125491321	0.11570968589244751	24.455483292217988	67.30154828394402	FCGR3A
gs_ind_0	inflammatory_breast_carcinoma	1/2	0.018657217390783812	0.11570968589244751	106.00291545189505	422.05296286336386	MMP9
gs_ind_0	lung_cancer	1/8	0.07257765382096144	0.11570968589244751	21.193586005830905	55.59285736999759	NQO1
gs_ind_0	pancreatic_ductal_adenocarcinoma	1/7	0.06379998125491321	0.11570968589244751	24.455483292217988	67.30154828394402	NQO1
gs_ind_0	prostate_cancer	1/18	0.15597690032714473	0.18197305038166886	9.077967513536027	16.867293550203026	ETV4
