Gene_set	Term	Overlap	P-value	Adjusted P-value	Odds Ratio	Combined Score	Genes
gs_ind_0	_h3_k27m-mutant-diagnostic	1/1	0.007677941481635194	0.010237255308846926	390.38775510204084	1900.9556197273787	H3C2
gs_ind_0	brain_glioblastoma_multiforme-diagnostic	1/1	0.007677941481635194	0.010237255308846926	390.38775510204084	1900.9556197273787	H3C2
gs_ind_0	cancer-predictive	1/37	0.24852404038197715	0.24852404038197715	5.3276488677662845	7.417236377252666	SLCO1B1
gs_ind_0	diffuse_midline_glioma-diagnostic	1/1	0.007677941481635194	0.010237255308846926	390.38775510204084	1900.9556197273787	H3C2
