Gene_set	Term	Overlap	P-value	Adjusted P-value	Odds Ratio	Combined Score	Genes
gs_ind_0	cancer-Methotrexate	1/2	0.015297722775643603	0.015297722775643603	130.1156462585034	543.8900762742627	SLCO1B1
