Gene_set	Term	Overlap	P-value	Adjusted P-value	Odds Ratio	Combined Score	Genes
gs_ind_0	breast_cancer	3/45	0.04470597080833658	0.11699005940210062	4.621273869024734	14.36129347232007	RET;ESR1;ERBB4
gs_ind_0	cancer	1/43	0.5353733905557624	0.5353733905557624	1.9634353957565747	1.22673646836414	RET
gs_ind_0	colon_adenocarcinoma	1/3	0.051995581956489165	0.11699005940210062	33.48207343412527	98.9929820115165	FOS
gs_ind_0	estrogen-receptor_positive_breast_cancer	1/8	0.1327404342701102	0.23893278168619836	11.156371490280778	22.528726759063968	ESR1
gs_ind_0	glioblastoma	1/16	0.2479266406416625	0.3647243233468571	5.394900020901554	7.523848309385594	HGF
gs_ind_0	lung_adenocarcinoma	1/19	0.28707792029469287	0.3647243233468571	4.519000642110793	5.639720035312352	RET
gs_ind_0	medullary_thyroid_carcinoma	1/1	0.017639902676399026	0.07937956204379562	167.4362850971922	676.0393626273162	RET
gs_ind_0	melanoma	1/22	0.32419939853053964	0.3647243233468571	3.8875382992616405	4.378909630798414	ERBB4
gs_ind_0	papillary_adenocarcinoma	1/1	0.017639902676399026	0.07937956204379562	167.4362850971922	676.0393626273162	RET
