Gene_set	Term	Overlap	P-value	Adjusted P-value	Odds Ratio	Combined Score	Genes
gs_ind_0	breast_cancer-predictive	1/38	0.40461148946552394	0.40461148946552394	2.915492957746479	2.638019538222245	ESR1
gs_ind_0	colon_adenocarcinoma-predictive	1/2	0.026885970852132842	0.10754388340853137	73.09014084507042	264.3049609159684	FOS
gs_ind_0	estrogen-receptor_positive_breast_cancer-predictive	1/8	0.10330642667278117	0.18566385143771638	14.611267605633802	33.16839118257686	ESR1
gs_ind_0	glioblastoma-predictive	1/11	0.1392478885782873	0.18566385143771638	10.43420523138833	20.571031055006184	HGF
