Gene_set	Term	Overlap	P-value	Adjusted P-value	Odds Ratio	Combined Score	Genes
gs_ind_0	bile_duct_adenocarcinoma-predictive	1/1	0.008363746958637468	0.04147307566043776	357.32876712328766	1709.406776479041	MAGEH1
gs_ind_0	colon_adenocarcinoma-predictive	1/2	0.016658172312948916	0.04147307566043776	119.10045662100457	487.69902328246957	FOS
gs_ind_0	hepatocellular_carcinoma-predictive	1/3	0.024883845396262653	0.04147307566043776	71.45479452054795	263.9208891840471	PROM1
gs_ind_0	ovarian_cancer-predictive	1/18	0.1403919535219954	0.1403919535219954	10.196086105675146	20.018150205666537	ASS1
gs_ind_0	sarcoma-predictive	1/7	0.0571102403151271	0.07138780039390887	27.47418335089568	78.65231837943095	ASS1
