Gene_set	Term	Overlap	P-value	Adjusted P-value	Odds Ratio	Combined Score	Genes
gs_ind_0	bile_duct_adenocarcinoma-Gemcitabine	1/1	0.008363746958637468	0.013381995133819949	357.32876712328766	1709.406776479041	MAGEH1
gs_ind_0	colon_adenocarcinoma-Irbesartan	1/1	0.008363746958637468	0.013381995133819949	357.32876712328766	1709.406776479041	FOS
gs_ind_0	hepatocellular_carcinoma-Sorafenib	1/2	0.016658172312948916	0.016658172312948916	119.10045662100457	487.69902328246957	PROM1
gs_ind_0	ovarian_cancer-Carboplatin	1/2	0.016658172312948916	0.016658172312948916	119.10045662100457	487.69902328246957	ASS1
gs_ind_0	ovarian_cancer-Carboplatin-Cisplatin	1/2	0.016658172312948916	0.016658172312948916	119.10045662100457	487.69902328246957	ASS1
gs_ind_0	ovarian_cancer-Carboplatin-Cisplatin-Taxol	1/1	0.008363746958637468	0.013381995133819949	357.32876712328766	1709.406776479041	ASS1
gs_ind_0	sarcoma-Chloroquine	1/1	0.008363746958637468	0.013381995133819949	357.32876712328766	1709.406776479041	ASS1
gs_ind_0	sarcoma-Chloroquine-Pegargiminase	1/1	0.008363746958637468	0.013381995133819949	357.32876712328766	1709.406776479041	ASS1
