Gene_set	Term	Overlap	P-value	Adjusted P-value	Odds Ratio	Combined Score	Genes
gs_ind_0	colorectal_cancer-Cetuximab	1/13	0.08178552694299336	0.08178552694299336	18.322105263157894	45.8722301460118	PTP4A3
