Gene_set	Term	Overlap	P-value	Adjusted P-value	Odds Ratio	Combined Score	Genes
gs_ind_0	breast_cancer	1/45	0.5804503205013308	0.5804503205013308	1.7301352351476822	0.9411088986281946	ESR1
gs_ind_0	colon_adenocarcinoma	1/3	0.05617212965957015	0.16851638897871046	30.897005988023952	88.96281709917726	FOS
gs_ind_0	estrogen-receptor_positive_breast_cancer	1/8	0.14289386315446037	0.21434079473169057	10.29500998003992	20.030518494034578	ESR1
