Gene_set	Term	Overlap	P-value	Adjusted P-value	Odds Ratio	Combined Score	Genes
gs_ind_0	breast_cancer	1/35	0.35621189375068774	0.35621189375068774	3.4414973980191372	3.552415200461481	ERBB4
gs_ind_0	glioblastoma	1/16	0.1821972043554972	0.2835270858183167	7.674305642047577	13.066776512966307	LRP1B
gs_ind_0	lung_adenocarcinoma	1/18	0.20251934701308336	0.2835270858183167	6.795918367346939	10.85253698188933	LRP1B
gs_ind_0	melanoma	1/24	0.2605272877109329	0.3039485023294218	5.057832908896739	6.803026379401584	ERBB4
gs_ind_0	meningioma	1/1	0.012483195698098713	0.087382369886691	238.25096525096524	1044.3425822423665	LEPR
gs_ind_0	ovarian_cancer	1/15	0.17184426215725138	0.2835270858183167	8.204366928504859	14.449257541194113	LRP1B
gs_ind_0	solid_tumor	1/8	0.0956403247105317	0.2835270858183167	15.872586872586872	37.25551276964865	LRP1B
