Gene_set	Term	Overlap	P-value	Adjusted P-value	Odds Ratio	Combined Score	Genes
gs_ind_0	breast_cancer-predictive	1/29	0.36752782364742864	0.36752782364742864	3.3112550607287448	3.3144214569563895	AR
gs_ind_0	meningioma-prognostic	1/1	0.015652006913769924	0.036521349465463156	189.25846153846155	786.7769740908778	LEPR
gs_ind_0	nan-functional	1/13	0.18551926249757258	0.21643913958050137	7.561476923076923	12.738038023482511	AR
gs_ind_0	prostate_cancer-oncogenic	1/1	0.015652006913769924	0.036521349465463156	189.25846153846155	786.7769740908778	AR
gs_ind_0	prostate_cancer-predictive	1/7	0.10458020719126922	0.1464122900677769	14.5498224852071	32.850603306594905	AR
gs_ind_0	prostate_cancer-prognostic	1/5	0.07586234197753342	0.13275909846068348	21.02051282051282	54.208431464349964	FGF13
gs_ind_0	prostate_carcinoma-predictive	1/1	0.015652006913769924	0.036521349465463156	189.25846153846155	786.7769740908778	AR
