Gene_set	Term	Overlap	P-value	Adjusted P-value	Odds Ratio	Combined Score	Genes
gs_ind_0	breast_cancer	1/35	0.42481483943802506	0.42481483943802506	2.733779264214047	2.340393559126216	AR
gs_ind_0	meningioma	1/1	0.015652006913769924	0.020869342551693232	189.25846153846155	786.7769740908778	LEPR
gs_ind_0	prostate_cancer	2/10	0.010089661950287637	0.020869342551693232	18.6550719358951	85.74326149639407	FGF13;AR
gs_ind_0	prostate_carcinoma	1/1	0.015652006913769924	0.020869342551693232	189.25846153846155	786.7769740908778	AR
