{"up": {"MUC2": {"log2fc": 5.335694703616467, "padj": 3.84068606040859e-06}, "SPOCK3": {"log2fc": 3.997680958779052, "padj": 0.00019217558320973544}, "ALPP": {"log2fc": 6.726732237321982, "padj": 0.00042494628314027446}, "GPRC5D": {"log2fc": 3.406847495696958, "padj": 0.0005913389486807189}, "FIBCD1": {"log2fc": 5.119422716518363, "padj": 4.9888108094844835e-06}, "S100A5": {"log2fc": 2.551150065364085, "padj": 1.8722213451064256e-05}, "SLC7A11": {"log2fc": 2.872081797177271, "padj": 7.410036812946537e-07}, "DSC3": {"log2fc": 3.743466774075197, "padj": 0.0004702837735729196}, "A2ML1": {"log2fc": 6.162774975345898, "padj": 0.000637285238679474}, "PPP2R2C": {"log2fc": 4.951629306451905, "padj": 7.410036812946537e-07}, "IGF2BP3": {"log2fc": 2.7227626468762334, "padj": 0.00042494628314027446}, "H2BC4": {"log2fc": 2.7735621643178505, "padj": 8.594462820362866e-06}, "TMEM145": {"log2fc": 2.1410457821516515, "padj": 1.8575266430378789e-06}, "PSCA": {"log2fc": 7.745674603020933, "padj": 0.0004062554315982938}, "MIR205HG": {"log2fc": 9.821377693822768, "padj": 7.410036812946537e-07}, "S100A2": {"log2fc": 6.395829634711974, "padj": 0.0004062554315982938}}, "down": {}}