Gene_set	Term	Overlap	P-value	Adjusted P-value	Odds Ratio	Combined Score	Genes
gs_ind_0	acute_myeloid_leukemia	1/16	0.49140904042230105	0.7778253498193178	2.2427003658131026	1.5933902164429132	FGF2
gs_ind_0	breast_cancer	3/49	0.33062773579409027	0.7778253498193178	1.7459149418643427	1.9323126651963671	AR;CYP2D6;PGR
gs_ind_0	cancer	1/49	0.8741389934796755	0.8741389934796755	0.7153363800616431	0.09622410590011135	UGT1A1
gs_ind_0	head_and_neck_squamous_cell_carcinoma	1/22	0.6053732507621793	0.7778253498193178	1.6162550947015104	0.8112147041218407	ALDH1A2
gs_ind_0	melanoma	1/27	0.6805971810919031	0.7778253498193178	1.3109122738766776	0.5044189319187272	SOX10
gs_ind_0	ovarian_cancer	1/21	0.5883265366195854	0.7778253498193178	1.6951973849635404	0.8992566980931622	ABCG2
gs_ind_0	prostate_cancer	1/18	0.5326464660824648	0.7778253498193178	1.9861561119293079	1.2510745024611885	AR
gs_ind_0	prostate_carcinoma	1/1	0.041358936484490405	0.33087149187592324	69.58556701030928	221.6625108775534	AR
