Gene_set	Term	Overlap	P-value	Adjusted P-value	Odds Ratio	Combined Score	Genes
gs_ind_0	breast_cancer	1/49	0.6650236881664149	0.6936763274078823	1.3701230462254739	0.5589178807600734	ERBB4
gs_ind_0	cancer	1/49	0.6650236881664149	0.6936763274078823	1.3701230462254739	0.5589178807600734	NRG1
gs_ind_0	colorectal_cancer	1/51	0.6796693852888696	0.6936763274078823	1.3157074417119132	0.5080588460173212	NRG1
gs_ind_0	head_and_neck_squamous_cell_carcinoma	1/22	0.3877812409545499	0.6936763274078823	3.095603900975244	2.932508636276219	NRG1
gs_ind_0	lung_non-small_cell_carcinoma	1/53	0.6936763274078823	0.6936763274078823	1.265437788018433	0.46283363596066945	NRG1
gs_ind_0	melanoma	1/27	0.4524311738866279	0.6936763274078823	2.5107973219720026	1.9913626412971437	ERBB4
gs_ind_0	ovarian_cancer	1/21	0.3739651019148458	0.6936763274078823	3.246797797010228	3.1935269242124997	NRG1
