{"up": {"MMP10": {"log2fc": 6.489763832831262, "padj": 4.91411984595247e-06}}, "downs": {"SPINK7": {"log2fc": -10.138805370417584, "padj": 4.0348990672318425e-06}}}