{"up": {"SYCP2": {"log2fc": 5.629113418980491, "padj": 3.249191291627049e-05}, "CDCA2": {"log2fc": 6.181271836526755, "padj": 0.0008439806253289623}, "TFAP2A": {"log2fc": 5.920962858233101, "padj": 0.0002531068776639203}, "MESP2": {"log2fc": 6.19808897468482, "padj": 0.000424680998941175}, "KIF2C": {"log2fc": 5.449862101015526, "padj": 3.506290890327917e-05}, "RMI2": {"log2fc": 4.555378399397722, "padj": 0.00046622976459623813}, "PTTG1": {"log2fc": 5.684258055469096, "padj": 0.0004370914446311402}, "BRIP1": {"log2fc": 4.962289615163179, "padj": 0.0006286371272118562}, "TCP11": {"log2fc": 6.3480820210612245, "padj": 0.0007678220842804354}, "CPA4": {"log2fc": 7.140290330355564, "padj": 9.22193395560268e-05}, "TMEM154": {"log2fc": 4.854672596881763, "padj": 0.0005663881317398966}, "FAM83A-AS1": {"log2fc": 8.471778859355172, "padj": 0.0008995958290952294}, "EXO1": {"log2fc": 5.672930037811013, "padj": 0.00046622976459623813}, "KIFC1": {"log2fc": 4.374585415191092, "padj": 0.0006593012374995482}, "SGO1": {"log2fc": 6.139747017941845, "padj": 0.0007678220842804354}, "CDKN2B-AS1": {"log2fc": 4.366893756705616, "padj": 0.0009302117840161511}, "LDHC": {"log2fc": 9.207989290079729, "padj": 0.000357457985676045}, "PLEK2": {"log2fc": 6.311362294514207, "padj": 0.0008405728900360485}, "ERCC6L": {"log2fc": 5.124510538554383, "padj": 0.00019372970136229917}, "E2F7": {"log2fc": 7.7782055047975005, "padj": 0.0003537780862845996}, "AL132857.1": {"log2fc": 8.03255750470766, "padj": 0.00020999357438754247}, "ACBD7": {"log2fc": 5.2890121575761535, "padj": 0.00016870888788976938}, "OASL": {"log2fc": 6.380606872805555, "padj": 0.00016347196691914763}, "AC020907.1": {"log2fc": 6.369590784075166, "padj": 0.000948005787798245}, "EPHX3": {"log2fc": 5.661964491923851, "padj": 0.0003306140457073178}, "UBE2T": {"log2fc": 5.084226718293313, "padj": 0.00025446098379004907}, "SOX21-AS1": {"log2fc": 6.978025728294936, "padj": 0.0004370914446311402}, "ORC1": {"log2fc": 5.21955353598074, "padj": 0.00018738142331890058}, "SKA3": {"log2fc": 5.90643924907757, "padj": 1.7152931557777238e-05}, "POLQ": {"log2fc": 5.689668590255061, "padj": 0.00046213732826436}, "NEK2": {"log2fc": 6.327067285623049, "padj": 0.000987901919369314}, "SKA1": {"log2fc": 6.069163120157312, "padj": 0.00013566333978503277}, "CA9": {"log2fc": 8.087703675299633, "padj": 2.0383731176046854e-08}, "TDRD5": {"log2fc": 7.366978446648305, "padj": 7.198304716288413e-05}, "GTSE1": {"log2fc": 5.298421307388937, "padj": 0.0006286371272118562}, "KREMEN2": {"log2fc": 8.261691892356604, "padj": 0.00021539627330822365}, "STIL": {"log2fc": 4.8614553115791725, "padj": 0.0003089148438405083}, "SMC1B": {"log2fc": 6.501294755544103, "padj": 3.957530840891899e-05}, "DTL": {"log2fc": 5.064932671432988, "padj": 4.34123704280307e-05}, "SPC25": {"log2fc": 4.3856323153778245, "padj": 0.0008405728900360485}, "CENPU": {"log2fc": 5.707039926402087, "padj": 4.287036214556313e-06}, "CDC6": {"log2fc": 5.534468955708411, "padj": 0.000856767081232259}, "RAD51": {"log2fc": 4.745577827899608, "padj": 0.000987901919369314}, "KRT78": {"log2fc": 6.949732462734393, "padj": 0.0003365995358739993}, "CCL18": {"log2fc": 6.095766189382878, "padj": 0.00016870888788976938}, "SEPTIN3": {"log2fc": 5.972569496790146, "padj": 0.00036186437849400257}, "TROAP": {"log2fc": 5.880054203178224, "padj": 0.000249593053605805}, "GJB5": {"log2fc": 6.536084009061828, "padj": 0.0003106797486060634}, "MCM10": {"log2fc": 6.202992854520308, "padj": 0.00022992993247293513}, "CDKN2A": {"log2fc": 7.431260103740703, "padj": 3.083330418509611e-07}, "NMU": {"log2fc": 7.903234132462986, "padj": 0.0009793337703347088}, "NEIL3": {"log2fc": 8.356510458872915, "padj": 0.00021539627330822365}, "UHRF1": {"log2fc": 6.335610705339438, "padj": 0.0006891009857381523}, "MIR9-3HG": {"log2fc": 7.258197719373385, "padj": 2.296179600758511e-07}, "F12": {"log2fc": 6.348042852993763, "padj": 0.0002622050495401009}, "ZFR2": {"log2fc": 7.0234391309636015, "padj": 0.000526085497489484}, "SHCBP1L": {"log2fc": 7.976305792524254, "padj": 0.00025446098379004907}}, "downs": {"TSPAN18": {"log2fc": -6.374325846180441, "padj": 0.0006520047203256429}, "FNDC5": {"log2fc": -4.515627444851612, "padj": 0.0009793337703347088}, "MMRN1": {"log2fc": -5.629900957492463, "padj": 9.04109640534072e-05}, "RAI2": {"log2fc": -5.871870397587071, "padj": 3.957530840891899e-05}, "NTRK3": {"log2fc": -6.029613933464393, "padj": 3.448444756366696e-05}, "AOC3": {"log2fc": -5.076758982034036, "padj": 0.0003089148438405083}, "GSPT2": {"log2fc": -4.566591553899676, "padj": 0.00046213732826436}, "ADGRD1": {"log2fc": -7.90956954414092, "padj": 5.3688007811120374e-05}, "ZCCHC24": {"log2fc": -4.914060810930949, "padj": 7.20692213452931e-05}, "PDE2A": {"log2fc": -6.08354913421579, "padj": 4.456005714858999e-06}, "LINC01197": {"log2fc": -5.589589874304231, "padj": 0.0003002184136365825}, "GUCY1A2": {"log2fc": -4.812420843309668, "padj": 0.00013396089031054767}, "PRKG1": {"log2fc": -4.7152372202898745, "padj": 0.00043429716510531266}, "BMX": {"log2fc": -5.897646178637441, "padj": 0.0003612645922682027}, "RSPO1": {"log2fc": -9.34887139158243, "padj": 6.623601177963936e-05}, "HSPB7": {"log2fc": -6.738506751256006, "padj": 0.0004033468296887996}, "CXCL12": {"log2fc": -6.4065607879646, "padj": 1.5783392561126497e-05}, "PPP1R12B": {"log2fc": -5.4474384773354565, "padj": 7.485142939047318e-06}, "MEG3": {"log2fc": -6.3875239888926645, "padj": 0.0005350194301089006}, "TSPAN2": {"log2fc": -6.744886029855011, "padj": 6.897967369635663e-06}, "SHISAL1": {"log2fc": -7.463203411904169, "padj": 3.448444756366696e-05}, "FOXP2": {"log2fc": -6.986898929615295, "padj": 0.0004928509991809588}, "JPH4": {"log2fc": -8.124046729673367, "padj": 0.000997161693890521}, "DACT3": {"log2fc": -5.673638921331834, "padj": 2.6379509759063363e-05}, "FAM171B": {"log2fc": -5.275850515457639, "padj": 0.0003767849075563224}, "RBPMS2": {"log2fc": -6.065409958198621, "padj": 9.13980102341907e-05}, "MYH11": {"log2fc": -8.372336364420075, "padj": 5.95063266465412e-11}, "FREM1": {"log2fc": -6.715538079798118, "padj": 0.00024687748954066734}, "SGCA": {"log2fc": -5.987527039462984, "padj": 0.00015213532676110962}, "SERTM2": {"log2fc": -12.966762329818415, "padj": 0.0008550194401756961}, "LGI4": {"log2fc": -5.062150369377295, "padj": 0.00028126752582709327}, "ROBO4": {"log2fc": -4.984398364701722, "padj": 0.0009426672444867104}, "CHRDL1": {"log2fc": -8.618968214888072, "padj": 2.200794320476183e-09}, "ZBTB16": {"log2fc": -6.329574353192219, "padj": 0.00028126752582709327}, "TCF21": {"log2fc": -6.28984387475504, "padj": 0.0008654216629624536}, "TAGLN": {"log2fc": -6.376620405559536, "padj": 4.160443743112414e-05}, "CNTN4": {"log2fc": -5.574547258929024, "padj": 0.0002917989210441358}, "ADAMTS9-AS2": {"log2fc": -9.760630049968952, "padj": 0.0003230091134388893}, "FBXL7": {"log2fc": -5.1587375583359325, "padj": 0.00021539627330822365}, "IQSEC3": {"log2fc": -4.867523984275238, "padj": 0.0003767849075563224}, "DES": {"log2fc": -8.524662246459759, "padj": 1.750594347584204e-08}, "BMPER": {"log2fc": -5.2875792817586245, "padj": 0.0008460028270013086}, "AC055839.2": {"log2fc": -5.498696848061831, "padj": 1.6527688187416128e-05}, "RADIL": {"log2fc": -5.981849011161123, "padj": 0.00043429716510531266}, "CASQ2": {"log2fc": -5.8231722775828745, "padj": 1.6562614317289765e-05}, "SPARCL1": {"log2fc": -5.670158284804804, "padj": 9.071774872630966e-05}, "CXCL5": {"log2fc": -11.949286944454098, "padj": 0.0003106797486060634}, "GFRA1": {"log2fc": -7.368554817358542, "padj": 4.435482741244501e-07}, "FOXL2NB": {"log2fc": -6.245509221136404, "padj": 4.758266377217707e-05}, "ARHGAP6": {"log2fc": -4.961584862871723, "padj": 0.00043429716510531266}, "CORO2B": {"log2fc": -5.724690744861712, "padj": 0.00036841647388495926}, "SYNPO2": {"log2fc": -6.026079852234209, "padj": 0.00019213804191868378}, "APBB1": {"log2fc": -4.723233761590702, "padj": 0.0009947539653889165}, "CCDC144NL-AS1": {"log2fc": -8.274784186317195,