Gene_set	Term	Overlap	P-value	Adjusted P-value	Odds Ratio	Combined Score	Genes
gs_ind_0	breast_cancer-predictive	1/29	0.3056540273863241	0.3056540273863241	4.168461694777484	4.940883674956747	ERBB4
gs_ind_0	glioblastoma-prognostic	1/6	0.07261715594972118	0.22316075765790733	21.64864864864865	56.77475177982301	LRP1B
gs_ind_0	lung_adenocarcinoma-predictive	1/14	0.16136127813392545	0.24058196702015192	8.812955812955813	16.075796107391152	LRP1B
gs_ind_0	melanoma-predictive	1/22	0.24167226968703026	0.28195098130153534	5.529406482894855	7.852712289876842	ERBB4
gs_ind_0	meningioma-prognostic	1/1	0.012483195698098713	0.087382369886691	238.25096525096524	1044.3425822423665	LEPR
gs_ind_0	ovarian_cancer-predictive	1/15	0.17184426215725138	0.24058196702015192	8.204366928504859	14.449257541194113	LRP1B
gs_ind_0	solid_tumor-predictive	1/8	0.0956403247105317	0.22316075765790733	15.872586872586872	37.25551276964865	LRP1B
