Gene_set	Term	Overlap	P-value	Adjusted P-value	Odds Ratio	Combined Score	Genes
gs_ind_0	breast_cancer-Lapatinib	1/2	0.024811745065163645	0.029774094078196374	79.40926640926641	293.5314415473796	ERBB4
gs_ind_0	breast_cancer-Trastuzumab	1/5	0.06088841096221885	0.06088841096221885	26.46203346203346	74.05962167059054	ERBB4
gs_ind_0	lung_adenocarcinoma-Immune Checkpoint Inhibitor	1/1	0.012483195698098713	0.01872479354714807	238.25096525096524	1044.3425822423665	LRP1B
gs_ind_0	melanoma-Lapatinib	1/1	0.012483195698098713	0.01872479354714807	238.25096525096524	1044.3425822423665	ERBB4
gs_ind_0	ovarian_cancer-Doxorubicin	1/1	0.012483195698098713	0.01872479354714807	238.25096525096524	1044.3425822423665	LRP1B
gs_ind_0	solid_tumor-Immune Checkpoint Inhibitor	1/1	0.012483195698098713	0.01872479354714807	238.25096525096524	1044.3425822423665	LRP1B
