Gene_set	Term	Overlap	P-value	Adjusted P-value	Odds Ratio	Combined Score	Genes
gs_ind_0	breast_cancer-Fulvestrant	1/2	0.006723839062826078	0.006723839062826078	301.140350877193	1506.3329440975135	TIMP1
gs_ind_0	breast_cancer-Monomethyl Auristatin E	1/1	0.003367394333488156	0.004489859111317542	903.5263157894736	5144.331913748494	ABCC3
gs_ind_0	breast_cancer-Monomethyl Auristatin E-Paclitaxel	1/1	0.003367394333488156	0.004489859111317542	903.5263157894736	5144.331913748494	ABCC3
gs_ind_0	breast_cancer-Paclitaxel	1/1	0.003367394333488156	0.004489859111317542	903.5263157894736	5144.331913748494	TIMP1
